,shop_id,item_description,times
0,1,0,28
1,1,1,64
2,1,3,194
3,1,4,16
4,1,5,48
5,1,6,55
6,1,7,11
7,1,8,24
8,1,9,22
9,1,10,35
10,1,11,29
11,1,12,63
12,1,13,29
13,1,14,318
14,1,15,59
15,1,16,20
16,1,17,46
17,1,18,18
18,1,19,9
19,1,20,51
20,1,21,11
21,1,22,28
22,1,24,101
23,1,25,7
24,1,26,9
25,1,27,117
26,1,28,32
27,1,29,10
28,1,30,16
29,1,31,58
30,1,32,71
31,1,33,38
32,1,34,15
33,1,35,54
34,1,36,13
35,2,0,66
36,2,1,121
37,2,3,503
38,2,4,41
39,2,5,236
40,2,6,92
41,2,7,46
42,2,8,40
43,2,9,54
44,2,10,77
45,2,11,60
46,2,12,95
47,2,13,67
48,2,14,681
49,2,15,62
50,2,16,24
51,2,17,91
52,2,18,24
53,2,19,23
54,2,20,138
55,2,21,11
56,2,22,59
57,2,24,353
58,2,25,9
59,2,26,41
60,2,27,211
61,2,28,104
62,2,29,13
63,2,30,45
64,2,31,129
65,2,32,190
66,2,33,207
67,2,34,24
68,2,35,150
69,2,36,28
70,3,0,73
71,3,1,164
72,3,3,325
73,3,4,48
74,3,5,156
75,3,6,129
76,3,7,23
77,3,8,62
78,3,9,31
79,3,10,60
80,3,11,55
81,3,12,99
82,3,13,68
83,3,14,427
84,3,15,71
85,3,16,27
86,3,17,81
87,3,18,41
88,3,19,24
89,3,20,146
90,3,21,7
91,3,22,57
92,3,24,169
93,3,25,12
94,3,26,21
95,3,27,163
96,3,28,66
97,3,29,7
98,3,30,28
99,3,31,107
100,3,32,140
101,3,33,121
102,3,34,36
103,3,35,134
104,3,36,21
105,4,0,44
106,4,1,79
107,4,3,279
108,4,4,33
109,4,5,105
110,4,6,55
111,4,7,24
112,4,8,30
113,4,9,47
114,4,10,64
115,4,11,92
116,4,12,99
117,4,13,99
118,4,14,550
119,4,15,155
120,4,16,21
121,4,17,71
122,4,18,37
123,4,19,27
124,4,20,66
125,4,21,26
126,4,22,30
127,4,24,119
128,4,25,11
129,4,26,29
130,4,27,164
131,4,28,62
132,4,29,11
133,4,30,34
134,4,31,127
135,4,32,155
136,4,33,103
137,4,34,38
138,4,35,81
139,4,36,33
140,5,0,62
141,5,1,96
142,5,3,337
143,5,4,33
144,5,5,143
145,5,6,97
146,5,7,35
147,5,8,64
148,5,9,44
149,5,10,46
150,5,11,62
151,5,12,174
152,5,13,70
153,5,14,529
154,5,15,140
155,5,16,34
156,5,17,88
157,5,18,33
158,5,19,17
159,5,20,135
160,5,21,26
161,5,22,64
162,5,24,270
163,5,25,17
164,5,26,23
165,5,27,143
166,5,28,76
167,5,29,8
168,5,30,35
169,5,31,126
170,5,32,112
171,5,33,122
172,5,34,49
173,5,35,84
174,5,36,27
175,6,0,52
176,6,1,112
177,6,3,363
178,6,4,40
179,6,5,114
180,6,6,103
181,6,7,31
182,6,8,52
183,6,9,54
184,6,10,42
185,6,11,90
186,6,12,68
187,6,13,95
188,6,14,605
189,6,15,103
190,6,16,9
191,6,17,75
192,6,18,49
193,6,19,30
194,6,20,53
195,6,21,27
196,6,22,35
197,6,24,180
198,6,25,10
199,6,26,22
200,6,27,159
201,6,28,68
202,6,29,16
203,6,30,31
204,6,31,82
205,6,32,88
206,6,33,113
207,6,34,46
208,6,35,71
209,6,36,29
210,7,0,55
211,7,1,55
212,7,3,455
213,7,4,49
214,7,5,143
215,7,6,115
216,7,7,37
217,7,8,25
218,7,9,28
219,7,10,46
220,7,11,43
221,7,12,68
222,7,13,33
223,7,14,509
224,7,15,67
225,7,16,18
226,7,17,71
227,7,18,44
228,7,19,42
229,7,20,73
230,7,21,19
231,7,22,54
232,7,24,260
233,7,25,26
234,7,26,40
235,7,27,173
236,7,28,60
237,7,29,36
238,7,30,47
239,7,31,59
240,7,32,137
241,7,33,100
242,7,34,17
243,7,35,82
244,7,36,20
245,8,0,3
246,8,1,6
247,8,2,2
248,8,3,20
249,8,4,4
250,8,5,16
251,8,6,14
252,8,8,4
253,8,9,3
254,8,10,3
255,8,11,3
256,8,12,6
257,8,13,1
258,8,14,48
259,8,15,12
260,8,17,7
261,8,18,3
262,8,19,1
263,8,20,13
264,8,22,7
265,8,24,10
266,8,25,1
267,8,26,1
268,8,27,5
269,8,28,3
270,8,30,2
271,8,31,7
272,8,32,12
273,8,33,4
274,8,34,5
275,8,35,9
276,9,0,63
277,9,1,209
278,9,3,394
279,9,4,39
280,9,5,147
281,9,6,115
282,9,7,30
283,9,8,48
284,9,9,41
285,9,10,66
286,9,11,76
287,9,12,115
288,9,13,90
289,9,14,572
290,9,15,176
291,9,16,48
292,9,17,146
293,9,18,49
294,9,19,19
295,9,20,119
296,9,21,8
297,9,22,67
298,9,24,200
299,9,25,12
300,9,26,50
301,9,27,182
302,9,28,109
303,9,29,10
304,9,30,67
305,9,31,84
306,9,32,129
307,9,33,79
308,9,34,21
309,9,35,74
310,9,36,34
311,10,0,83
312,10,1,98
313,10,3,399
314,10,4,32
315,10,5,146
316,10,6,66
317,10,7,66
318,10,8,46
319,10,9,62
320,10,10,44
321,10,11,83
322,10,12,121
323,10,13,79
324,10,14,590
325,10,15,105
326,10,16,33
327,10,17,110
328,10,18,54
329,10,19,14
330,10,20,101
331,10,21,25
332,10,22,74
333,10,24,177
334,10,25,9
335,10,26,39
336,10,27,231
337,10,28,77
338,10,29,6
339,10,30,44
340,10,31,140
341,10,32,213
342,10,33,165
343,10,34,42
344,10,35,132
345,10,36,31
346,11,0,128
347,11,1,159
348,11,3,576
349,11,4,31
350,11,5,252
351,11,6,118
352,11,7,149
353,11,8,67
354,11,9,69
355,11,10,71
356,11,11,80
357,11,12,177
358,11,13,113
359,11,14,782
360,11,15,70
361,11,16,20
362,11,17,181
363,11,18,57
364,11,19,27
365,11,20,196
366,11,21,14
367,11,22,126
368,11,24,259
369,11,25,12
370,11,26,45
371,11,27,309
372,11,28,120
373,11,29,26
374,11,30,53
375,11,31,230
376,11,32,403
377,11,33,351
378,11,34,57
379,11,35,267
380,11,36,39
381,12,0,60
382,12,1,52
383,12,3,205
384,12,5,162
385,12,6,99
386,12,7,26
387,12,8,27
388,12,9,28
389,12,10,36
390,12,11,31
391,12,12,62
392,12,13,61
393,12,14,296
394,12,16,26
395,12,17,114
396,12,18,64
397,12,19,19
398,12,20,64
399,12,21,15
400,12,22,45
401,12,24,93
402,12,26,33
403,12,27,105
404,12,28,50
405,12,30,50
406,12,31,17
407,12,32,34
408,12,33,50
409,12,34,48
410,12,35,32
411,12,36,27
412,13,0,75
413,13,1,118
414,13,3,180
415,13,4,29
416,13,5,165
417,13,6,43
418,13,7,109
419,13,8,78
420,13,9,65
421,13,10,68
422,13,11,54
423,13,12,122
424,13,13,85
425,13,14,345
426,13,15,142
427,13,16,43
428,13,17,103
429,13,18,46
430,13,19,13
431,13,20,155
432,13,21,27
433,13,22,79
434,13,23,7
435,13,24,72
436,13,25,10
437,13,26,38
438,13,27,112
439,13,28,36
440,13,29,13
441,13,30,51
442,13,31,176
443,13,32,197
444,13,33,166
445,13,34,44
446,13,35,151
447,13,36,24
448,14,0,76
449,14,1,126
450,14,3,239
451,14,4,40
452,14,5,173
453,14,6,109
454,14,7,74
455,14,8,50
456,14,9,36
457,14,10,45
458,14,11,54
459,14,12,94
460,14,13,75
461,14,14,499
462,14,15,195
463,14,16,17
464,14,17,73
465,14,18,59
466,14,19,40
467,14,20,95
468,14,21,21
469,14,22,78
470,14,24,129
471,14,25,21
472,14,26,23
473,14,27,146
474,14,28,71
475,14,29,32
476,14,30,22
477,14,31,174
478,14,32,212
479,14,33,203
480,14,34,44
481,14,35,174
482,14,36,48
483,15,0,27
484,15,1,35
485,15,3,402
486,15,5,106
487,15,6,113
488,15,7,23
489,15,8,30
490,15,9,48
491,15,10,40
492,15,11,51
493,15,12,82
494,15,13,68
495,15,14,392
496,15,16,25
497,15,17,81
498,15,18,38
499,15,19,36
500,15,20,113
501,15,21,8
502,15,22,43
503,15,24,210
504,15,26,28
505,15,27,263
506,15,28,72
507,15,30,33
508,15,31,41
509,15,32,70
510,15,33,41
511,15,34,35
512,15,35,22
513,15,36,27
514,16,0,85
515,16,1,156
516,16,3,302
517,16,4,49
518,16,5,149
519,16,6,108
520,16,7,219
521,16,8,69
522,16,9,59
523,16,10,53
524,16,11,68
525,16,12,210
526,16,13,88
527,16,14,535
528,16,15,189
529,16,16,53
530,16,17,127
531,16,18,43
532,16,19,12
533,16,20,150
534,16,21,23
535,16,22,69
536,16,23,6
537,16,24,155
538,16,25,15
539,16,26,26
540,16,27,163
541,16,28,49
542,16,29,13
543,16,30,33
544,16,31,465
545,16,32,411
546,16,33,476
547,16,34,53
548,16,35,551
549,16,36,20
550,17,0,57
551,17,1,88
552,17,3,273
553,17,4,39
554,17,5,100
555,17,6,66
556,17,7,40
557,17,8,51
558,17,9,32
559,17,10,47
560,17,11,53
561,17,12,104
562,17,13,68
563,17,14,479
564,17,15,102
565,17,16,16
566,17,17,81
567,17,18,40
568,17,19,39
569,17,20,123
570,17,21,27
571,17,22,44
572,17,24,176
573,17,25,6
574,17,26,17
575,17,27,200
576,17,28,82
577,17,29,15
578,17,30,29
579,17,31,217
580,17,32,240
581,17,33,275
582,17,34,38
583,17,35,118
584,17,36,36
585,18,0,88
586,18,1,214
587,18,3,384
588,18,4,37
589,18,5,270
590,18,6,89
591,18,7,54
592,18,8,60
593,18,9,98
594,18,10,78
595,18,11,87
596,18,12,223
597,18,13,113
598,18,14,580
599,18,15,149
600,18,16,46
601,18,17,219
602,18,18,87
603,18,19,15
604,18,20,181
605,18,21,27
606,18,22,95
607,18,24,165
608,18,25,23
609,18,26,42
610,18,27,235
611,18,28,102
612,18,29,15
613,18,30,59
614,18,31,116
615,18,32,202
616,18,33,150
617,18,34,100
618,18,35,152
619,18,36,41
620,19,0,43
621,19,1,56
622,19,3,511
623,19,5,227
624,19,6,107
625,19,7,19
626,19,8,57
627,19,9,48
628,19,10,43
629,19,11,41
630,19,12,92
631,19,13,63
632,19,14,483
633,19,16,20
634,19,17,88
635,19,18,47
636,19,19,28
637,19,20,153
638,19,21,6
639,19,22,40
640,19,24,307
641,19,26,45
642,19,27,318
643,19,28,67
644,19,30,52
645,19,31,73
646,19,32,99
647,19,33,79
648,19,34,44
649,19,35,51
650,19,36,40
651,20,0,70
652,20,1,134
653,20,3,500
654,20,4,63
655,20,5,100
656,20,6,183
657,20,7,29
658,20,8,60
659,20,9,41
660,20,10,86
661,20,11,55
662,20,12,178
663,20,13,98
664,20,14,696
665,20,15,212
666,20,16,23
667,20,17,91
668,20,18,58
669,20,19,18
670,20,20,136
671,20,21,30
672,20,22,37
673,20,24,152
674,20,25,25
675,20,26,38
676,20,27,267
677,20,28,90
678,20,29,18
679,20,30,35
680,20,31,95
681,20,32,112
682,20,33,78
683,20,34,42
684,20,35,85
685,20,36,27
686,21,0,67
687,21,1,140
688,21,3,292
689,21,4,33
690,21,5,124
691,21,6,134
692,21,7,25
693,21,8,36
694,21,9,46
695,21,10,42
696,21,11,68
697,21,12,106
698,21,13,62
699,21,14,514
700,21,15,137
701,21,16,28
702,21,17,77
703,21,18,40
704,21,19,20
705,21,20,93
706,21,21,14
707,21,22,49
708,21,24,162
709,21,25,14
710,21,26,22
711,21,27,188
712,21,28,50
713,21,29,7
714,21,30,37
715,21,31,84
716,21,32,97
717,21,33,96
718,21,34,47
719,21,35,57
720,21,36,28
721,22,0,69
722,22,1,169
723,22,3,177
724,22,4,17
725,22,5,120
726,22,6,100
727,22,7,33
728,22,8,28
729,22,9,55
730,22,10,45
731,22,11,47
732,22,12,82
733,22,13,74
734,22,14,375
735,22,15,181
736,22,16,17
737,22,17,100
738,22,18,53
739,22,19,8
740,22,20,67
741,22,21,18
742,22,22,58
743,22,24,92
744,22,25,13
745,22,26,35
746,22,27,126
747,22,28,41
748,22,29,6
749,22,30,40
750,22,31,51
751,22,32,138
752,22,33,72
753,22,34,41
754,22,35,72
755,22,36,36
756,23,0,67
757,23,1,41
758,23,3,505
759,23,4,38
760,23,5,180
761,23,6,89
762,23,7,55
763,23,8,50
764,23,9,53
765,23,10,57
766,23,11,89
767,23,12,89
768,23,13,51
769,23,14,481
770,23,15,85
771,23,16,8
772,23,17,85
773,23,18,58
774,23,19,18
775,23,20,122
776,23,21,35
777,23,22,14
778,23,24,187
779,23,25,22
780,23,26,23
781,23,27,231
782,23,28,71
783,23,29,17
784,23,30,40
785,23,31,68
786,23,32,120
787,23,33,190
788,23,34,26
789,23,35,104
790,23,36,22
791,24,0,113
792,24,1,133
793,24,3,274
794,24,4,32
795,24,5,125
796,24,6,49
797,24,7,38
798,24,8,49
799,24,9,31
800,24,10,45
801,24,11,56
802,24,12,78
803,24,13,34
804,24,14,330
805,24,15,57
806,24,16,43
807,24,17,78
808,24,18,56
809,24,19,12
810,24,20,47
811,24,21,8
812,24,22,21
813,24,24,188
814,24,25,8
815,24,26,16
816,24,27,117
817,24,28,74
818,24,29,12
819,24,30,27
820,24,31,72
821,24,32,63
822,24,33,84
823,24,34,27
824,24,35,47
825,24,36,20
826,25,0,37
827,25,1,89
828,25,3,416
829,25,4,35
830,25,5,130
831,25,6,108
832,25,7,25
833,25,8,46
834,25,9,23
835,25,10,38
836,25,11,23
837,25,12,78
838,25,13,42
839,25,14,441
840,25,15,72
841,25,16,23
842,25,17,66
843,25,18,31
844,25,19,13
845,25,20,108
846,25,21,6
847,25,22,35
848,25,24,229
849,25,25,13
850,25,26,26
851,25,27,218
852,25,28,72
853,25,29,14
854,25,30,29
855,25,31,58
856,25,32,83
857,25,33,89
858,25,34,45
859,25,35,46
860,25,36,31
861,26,0,33
862,26,1,129
863,26,3,386
864,26,4,33
865,26,5,113
866,26,6,145
867,26,7,32
868,26,8,77
869,26,9,92
870,26,10,53
871,26,11,135
872,26,12,133
873,26,13,152
874,26,14,596
875,26,15,63
876,26,16,18
877,26,17,82
878,26,18,63
879,26,19,22
880,26,20,128
881,26,21,17
882,26,22,59
883,26,24,303
884,26,25,15
885,26,26,36
886,26,27,278
887,26,28,98
888,26,29,8
889,26,30,29
890,26,31,41
891,26,32,91
892,26,33,97
893,26,34,83
894,26,35,36
895,26,36,43
896,27,0,77
897,27,1,111
898,27,3,322
899,27,4,25
900,27,5,127
901,27,6,55
902,27,7,63
903,27,8,55
904,27,9,36
905,27,10,45
906,27,11,42
907,27,12,111
908,27,13,82
909,27,14,428
910,27,15,102
911,27,16,24
912,27,17,63
913,27,18,45
914,27,19,29
915,27,20,108
916,27,21,24
917,27,22,29
918,27,24,120
919,27,25,13
920,27,26,14
921,27,27,107
922,27,28,56
923,27,29,9
924,27,30,25
925,27,31,103
926,27,32,186
927,27,33,213
928,27,34,45
929,27,35,144
930,27,36,32
931,28,0,57
932,28,1,89
933,28,3,357
934,28,4,33
935,28,5,153
936,28,6,94
937,28,7,42
938,28,8,31
939,28,9,40
940,28,10,38
941,28,11,41
942,28,12,86
943,28,13,54
944,28,14,519
945,28,15,110
946,28,16,22
947,28,17,116
948,28,18,34
949,28,19,29
950,28,20,85
951,28,21,16
952,28,22,53
953,28,24,215
954,28,25,17
955,28,26,28
956,28,27,186
957,28,28,64
958,28,29,16
959,28,30,34
960,28,31,74
961,28,32,84
962,28,33,113
963,28,34,20
964,28,35,35
965,28,36,28
966,29,0,96
967,29,1,101
968,29,3,382
969,29,4,35
970,29,5,99
971,29,6,100
972,29,7,45
973,29,8,73
974,29,9,53
975,29,10,60
976,29,11,42
977,29,12,145
978,29,13,75
979,29,14,484
980,29,15,169
981,29,16,24
982,29,17,87
983,29,18,51
984,29,19,15
985,29,20,76
986,29,21,8
987,29,22,48
988,29,24,161
989,29,25,13
990,29,26,40
991,29,27,173
992,29,28,30
993,29,29,16
994,29,30,40
995,29,31,83
996,29,32,110
997,29,33,92
998,29,34,46
999,29,35,71
1000,29,36,48
1001,30,0,84
1002,30,1,126
1003,30,3,345
1004,30,4,21
1005,30,5,91
1006,30,6,137
1007,30,7,35
1008,30,8,66
1009,30,9,47
1010,30,10,43
1011,30,11,98
1012,30,12,93
1013,30,13,92
1014,30,14,348
1015,30,15,64
1016,30,16,36
1017,30,17,82
1018,30,18,33
1019,30,19,17
1020,30,20,68
1021,30,21,13
1022,30,22,44
1023,30,24,270
1024,30,25,8
1025,30,26,32
1026,30,27,347
1027,30,28,60
1028,30,29,10
1029,30,30,52
1030,30,31,108
1031,30,32,95
1032,30,33,107
1033,30,34,100
1034,30,35,76
1035,30,36,23
1036,31,0,103
1037,31,1,225
1038,31,3,192
1039,31,5,144
1040,31,6,64
1041,31,7,77
1042,31,8,54
1043,31,9,58
1044,31,10,75
1045,31,11,47
1046,31,12,151
1047,31,13,108
1048,31,14,355
1049,31,16,22
1050,31,17,136
1051,31,18,73
1052,31,19,25
1053,31,20,127
1054,31,21,12
1055,31,22,68
1056,31,24,138
1057,31,26,34
1058,31,27,182
1059,31,28,36
1060,31,30,44
1061,31,31,156
1062,31,32,174
1063,31,33,138
1064,31,34,32
1065,31,35,168
1066,31,36,34
1067,32,0,27
1068,32,1,63
1069,32,3,241
1070,32,4,23
1071,32,5,58
1072,32,6,72
1073,32,7,26
1074,32,8,40
1075,32,9,34
1076,32,10,41
1077,32,11,47
1078,32,12,70
1079,32,13,59
1080,32,14,411
1081,32,15,85
1082,32,16,25
1083,32,17,61
1084,32,18,45
1085,32,19,15
1086,32,20,69
1087,32,21,20
1088,32,22,25
1089,32,24,124
1090,32,25,8
1091,32,26,18
1092,32,27,145
1093,32,28,99
1094,32,29,5
1095,32,30,19
1096,32,31,59
1097,32,32,81
1098,32,33,74
1099,32,34,58
1100,32,35,62
1101,32,36,42
1102,33,0,84
1103,33,1,166
1104,33,3,341
1105,33,4,20
1106,33,5,210
1107,33,6,128
1108,33,7,110
1109,33,8,62
1110,33,9,101
1111,33,10,87
1112,33,11,88
1113,33,12,196
1114,33,13,88
1115,33,14,600
1116,33,15,134
1117,33,16,47
1118,33,17,113
1119,33,18,59
1120,33,19,21
1121,33,20,165
1122,33,21,18
1123,33,22,101
1124,33,24,232
1125,33,25,13
1126,33,26,83
1127,33,27,257
1128,33,28,94
1129,33,29,18
1130,33,30,40
1131,33,31,164
1132,33,32,272
1133,33,33,323
1134,33,34,44
1135,33,35,181
1136,33,36,40
1137,34,0,40
1138,34,1,60
1139,34,3,171
1140,34,4,18
1141,34,5,125
1142,34,6,51
1143,34,7,20
1144,34,8,29
1145,34,9,30
1146,34,10,37
1147,34,11,30
1148,34,12,75
1149,34,13,46
1150,34,14,315
1151,34,15,30
1152,34,16,18
1153,34,17,57
1154,34,18,20
1155,34,19,8
1156,34,20,36
1157,34,21,10
1158,34,22,26
1159,34,24,217
1160,34,25,19
1161,34,26,17
1162,34,27,93
1163,34,28,63
1164,34,29,9
1165,34,30,25
1166,34,31,52
1167,34,32,79
1168,34,33,75
1169,34,34,38
1170,34,35,34
1171,34,36,16
1172,35,0,46
1173,35,1,70
1174,35,3,163
1175,35,4,29
1176,35,5,93
1177,35,6,46
1178,35,7,65
1179,35,8,34
1180,35,9,28
1181,35,10,33
1182,35,11,36
1183,35,12,76
1184,35,13,70
1185,35,14,184
1186,35,15,97
1187,35,16,19
1188,35,17,91
1189,35,18,31
1190,35,19,11
1191,35,20,64
1192,35,21,29
1193,35,22,43
1194,35,24,77
1195,35,25,15
1196,35,26,37
1197,35,27,113
1198,35,28,34
1199,35,29,16
1200,35,30,40
1201,35,31,61
1202,35,32,121
1203,35,33,80
1204,35,34,25
1205,35,35,119
1206,35,36,20
1207,36,0,64
1208,36,1,94
1209,36,3,264
1210,36,4,1
1211,36,5,160
1212,36,6,35
1213,36,7,71
1214,36,8,51
1215,36,9,56
1216,36,10,51
1217,36,11,51
1218,36,12,151
1219,36,13,61
1220,36,14,527
1221,36,16,10
1222,36,17,122
1223,36,18,76
1224,36,19,19
1225,36,20,138
1226,36,21,7
1227,36,22,71
1228,36,24,166
1229,36,26,45
1230,36,27,232
1231,36,28,58
1232,36,30,41
1233,36,31,127
1234,36,32,229
1235,36,33,112
1236,36,34,40
1237,36,35,183
1238,36,36,16
1239,37,0,86
1240,37,1,153
1241,37,3,292
1242,37,4,54
1243,37,5,161
1244,37,6,112
1245,37,7,20
1246,37,8,51
1247,37,9,47
1248,37,10,54
1249,37,11,90
1250,37,12,109
1251,37,13,118
1252,37,14,396
1253,37,15,144
1254,37,16,15
1255,37,17,90
1256,37,18,42
1257,37,19,26
1258,37,20,83
1259,37,21,21
1260,37,22,53
1261,37,24,129
1262,37,25,18
1263,37,26,36
1264,37,27,181
1265,37,28,63
1266,37,29,26
1267,37,30,58
1268,37,31,89
1269,37,32,97
1270,37,33,92
1271,37,34,52
1272,37,35,64
1273,37,36,34
1274,38,0,97
1275,38,1,114
1276,38,3,250
1277,38,5,118
1278,38,6,54
1279,38,7,25
1280,38,8,48
1281,38,9,44
1282,38,10,60
1283,38,11,70
1284,38,12,131
1285,38,13,102
1286,38,14,476
1287,38,16,25
1288,38,17,101
1289,38,18,33
1290,38,19,22
1291,38,20,78
1292,38,21,23
1293,38,22,39
1294,38,24,249
1295,38,26,38
1296,38,27,166
1297,38,28,68
1298,38,30,47
1299,38,31,70
1300,38,32,94
1301,38,33,71
1302,38,34,25
1303,38,35,82
1304,38,36,29
1305,39,0,125
1306,39,1,259
1307,39,3,268
1308,39,4,35
1309,39,5,170
1310,39,6,63
1311,39,7,51
1312,39,8,62
1313,39,9,66
1314,39,10,52
1315,39,11,81
1316,39,12,147
1317,39,13,119
1318,39,14,529
1319,39,15,131
1320,39,16,47
1321,39,17,184
1322,39,18,78
1323,39,19,15
1324,39,20,133
1325,39,21,18
1326,39,22,86
1327,39,24,140
1328,39,25,4
1329,39,26,44
1330,39,27,133
1331,39,28,101
1332,39,29,12
1333,39,30,51
1334,39,31,78
1335,39,32,160
1336,39,33,120
1337,39,34,40
1338,39,35,98
1339,39,36,38
1340,40,0,40
1341,40,1,74
1342,40,3,213
1343,40,4,29
1344,40,5,102
1345,40,6,86
1346,40,7,11
1347,40,8,66
1348,40,9,43
1349,40,10,77
1350,40,11,76
1351,40,12,117
1352,40,13,87
1353,40,14,489
1354,40,15,129
1355,40,16,26
1356,40,17,63
1357,40,18,23
1358,40,19,16
1359,40,20,80
1360,40,21,11
1361,40,22,36
1362,40,24,133
1363,40,25,21
1364,40,26,29
1365,40,27,181
1366,40,28,65
1367,40,29,9
1368,40,30,42
1369,40,31,73
1370,40,32,64
1371,40,33,114
1372,40,34,35
1373,40,35,77
1374,40,36,26
1375,41,0,63
1376,41,1,115
1377,41,3,287
1378,41,4,19
1379,41,5,104
1380,41,6,90
1381,41,7,24
1382,41,8,57
1383,41,9,37
1384,41,10,48
1385,41,11,36
1386,41,12,82
1387,41,13,60
1388,41,14,343
1389,41,15,78
1390,41,16,19
1391,41,17,62
1392,41,18,50
1393,41,19,21
1394,41,20,63
1395,41,21,19
1396,41,22,39
1397,41,24,187
1398,41,25,20
1399,41,26,32
1400,41,27,177
1401,41,28,59
1402,41,29,10
1403,41,30,42
1404,41,31,90
1405,41,32,146
1406,41,33,98
1407,41,34,41
1408,41,35,89
1409,41,36,31
1410,42,0,51
1411,42,1,101
1412,42,3,286
1413,42,4,24
1414,42,5,117
1415,42,6,81
1416,42,7,45
1417,42,8,58
1418,42,9,30
1419,42,10,42
1420,42,11,27
1421,42,12,109
1422,42,13,58
1423,42,14,399
1424,42,15,149
1425,42,16,32
1426,42,17,86
1427,42,18,40
1428,42,19,16
1429,42,20,79
1430,42,21,22
1431,42,22,38
1432,42,24,106
1433,42,25,3
1434,42,26,18
1435,42,27,148
1436,42,28,48
1437,42,29,11
1438,42,30,30
1439,42,31,89
1440,42,32,124
1441,42,33,88
1442,42,34,44
1443,42,35,53
1444,42,36,31
1445,43,0,135
1446,43,1,173
1447,43,3,398
1448,43,4,30
1449,43,5,285
1450,43,6,77
1451,43,7,117
1452,43,8,84
1453,43,9,45
1454,43,10,86
1455,43,11,74
1456,43,12,200
1457,43,13,92
1458,43,14,764
1459,43,15,143
1460,43,16,36
1461,43,17,189
1462,43,18,87
1463,43,19,17
1464,43,20,156
1465,43,21,15
1466,43,22,84
1467,43,24,217
1468,43,25,14
1469,43,26,57
1470,43,27,226
1471,43,28,115
1472,43,29,23
1473,43,30,67
1474,43,31,250
1475,43,32,311
1476,43,33,303
1477,43,34,23
1478,43,35,240
1479,43,36,39
1480,44,0,36
1481,44,1,13
1482,44,3,189
1483,44,4,11
1484,44,5,86
1485,44,6,39
1486,44,7,69
1487,44,8,25
1488,44,9,24
1489,44,10,33
1490,44,11,29
1491,44,12,60
1492,44,13,33
1493,44,14,299
1494,44,15,70
1495,44,16,15
1496,44,17,63
1497,44,18,24
1498,44,19,17
1499,44,20,44
1500,44,21,20
1501,44,22,29
1502,44,24,77
1503,44,25,15
1504,44,26,25
1505,44,27,119
1506,44,28,16
1507,44,29,15
1508,44,30,22
1509,44,31,213
1510,44,32,214
1511,44,33,177
1512,44,34,21
1513,44,35,128
1514,44,36,20
1515,45,0,94
1516,45,1,255
1517,45,3,366
1518,45,4,38
1519,45,5,177
1520,45,6,107
1521,45,7,38
1522,45,8,69
1523,45,9,96
1524,45,10,73
1525,45,11,85
1526,45,12,169
1527,45,13,115
1528,45,14,624
1529,45,15,133
1530,45,16,45
1531,45,17,103
1532,45,18,46
1533,45,19,15
1534,45,20,141
1535,45,21,26
1536,45,22,69
1537,45,24,164
1538,45,25,9
1539,45,26,43
1540,45,27,210
1541,45,28,80
1542,45,29,16
1543,45,30,35
1544,45,31,78
1545,45,32,79
1546,45,33,93
1547,45,34,63
1548,45,35,77
1549,45,36,47
1550,46,0,178
1551,46,1,223
1552,46,3,332
1553,46,4,32
1554,46,5,113
1555,46,6,72
1556,46,7,18
1557,46,8,38
1558,46,9,34
1559,46,10,59
1560,46,11,48
1561,46,12,106
1562,46,13,38
1563,46,14,400
1564,46,15,61
1565,46,16,24
1566,46,17,57
1567,46,18,39
1568,46,19,18
1569,46,20,64
1570,46,21,3
1571,46,22,43
1572,46,24,230
1573,46,25,21
1574,46,26,27
1575,46,27,131
1576,46,28,79
1577,46,29,19
1578,46,30,44
1579,46,31,99
1580,46,32,121
1581,46,33,127
1582,46,34,29
1583,46,35,98
1584,46,36,12
1585,47,0,22
1586,47,1,48
1587,47,3,144
1588,47,4,17
1589,47,5,69
1590,47,6,44
1591,47,7,5
1592,47,8,38
1593,47,9,30
1594,47,10,18
1595,47,11,22
1596,47,12,38
1597,47,13,56
1598,47,14,183
1599,47,15,60
1600,47,16,22
1601,47,17,39
1602,47,18,15
1603,47,19,4
1604,47,20,27
1605,47,21,16
1606,47,22,20
1607,47,24,62
1608,47,25,5
1609,47,26,16
1610,47,27,65
1611,47,28,34
1612,47,29,25
1613,47,30,20
1614,47,31,47
1615,47,32,32
1616,47,33,59
1617,47,34,16
1618,47,35,63
1619,47,36,15
1620,48,0,83
1621,48,1,99
1622,48,3,286
1623,48,4,26
1624,48,5,115
1625,48,6,63
1626,48,7,22
1627,48,8,44
1628,48,9,26
1629,48,10,36
1630,48,11,30
1631,48,12,93
1632,48,13,52
1633,48,14,381
1634,48,15,96
1635,48,16,19
1636,48,17,66
1637,48,18,34
1638,48,19,9
1639,48,20,81
1640,48,21,13
1641,48,22,30
1642,48,24,127
1643,48,25,14
1644,48,26,22
1645,48,27,156
1646,48,28,42
1647,48,29,9
1648,48,30,33
1649,48,31,64
1650,48,32,58
1651,48,33,84
1652,48,34,36
1653,48,35,60
1654,48,36,20
1655,49,0,56
1656,49,1,83
1657,49,3,266
1658,49,4,40
1659,49,5,114
1660,49,6,128
1661,49,7,31
1662,49,8,67
1663,49,9,33
1664,49,10,61
1665,49,11,37
1666,49,12,172
1667,49,13,64
1668,49,14,483
1669,49,15,179
1670,49,16,37
1671,49,17,85
1672,49,18,60
1673,49,19,31
1674,49,20,115
1675,49,21,17
1676,49,22,58
1677,49,24,131
1678,49,25,14
1679,49,26,28
1680,49,27,189
1681,49,28,54
1682,49,29,21
1683,49,30,30
1684,49,31,88
1685,49,32,87
1686,49,33,110
1687,49,34,40
1688,49,35,85
1689,49,36,44
1690,50,0,39
1691,50,1,53
1692,50,3,501
1693,50,5,135
1694,50,6,116
1695,50,7,29
1696,50,8,40
1697,50,9,48
1698,50,10,46
1699,50,11,47
1700,50,12,109
1701,50,13,66
1702,50,14,733
1703,50,16,24
1704,50,17,104
1705,50,18,73
1706,50,19,23
1707,50,20,126
1708,50,21,20
1709,50,22,62
1710,50,24,224
1711,50,26,22
1712,50,27,315
1713,50,28,62
1714,50,30,37
1715,50,31,111
1716,50,32,123
1717,50,33,141
1718,50,34,22
1719,50,35,82
1720,50,36,21
1721,51,0,86
1722,51,1,167
1723,51,3,277
1724,51,4,33
1725,51,5,155
1726,51,6,66
1727,51,7,76
1728,51,8,65
1729,51,9,64
1730,51,10,82
1731,51,11,51
1732,51,12,156
1733,51,13,68
1734,51,14,377
1735,51,15,227
1736,51,16,27
1737,51,17,115
1738,51,18,62
1739,51,19,8
1740,51,20,142
1741,51,21,20
1742,51,22,70
1743,51,24,120
1744,51,25,8
1745,51,26,30
1746,51,27,155
1747,51,28,60
1748,51,29,9
1749,51,30,46
1750,51,31,219
1751,51,32,242
1752,51,33,159
1753,51,34,24
1754,51,35,268
1755,51,36,48
1756,52,0,148
1757,52,1,206
1758,52,3,384
1759,52,4,28
1760,52,5,106
1761,52,6,86
1762,52,7,41
1763,52,8,87
1764,52,9,60
1765,52,10,103
1766,52,11,77
1767,52,12,199
1768,52,13,86
1769,52,14,539
1770,52,15,91
1771,52,16,42
1772,52,17,103
1773,52,18,52
1774,52,19,13
1775,52,20,83
1776,52,21,21
1777,52,22,35
1778,52,24,270
1779,52,25,12
1780,52,26,28
1781,52,27,242
1782,52,28,78
1783,52,29,9
1784,52,30,51
1785,52,31,76
1786,52,32,108
1787,52,33,97
1788,52,34,53
1789,52,35,105
1790,52,36,58
1791,53,0,152
1792,53,1,178
1793,53,3,345
1794,53,4,18
1795,53,5,246
1796,53,6,67
1797,53,7,60
1798,53,8,34
1799,53,9,70
1800,53,10,41
1801,53,11,76
1802,53,12,115
1803,53,13,82
1804,53,14,694
1805,53,15,64
1806,53,16,30
1807,53,17,129
1808,53,18,51
1809,53,19,15
1810,53,20,124
1811,53,21,27
1812,53,22,73
1813,53,23,2
1814,53,24,135
1815,53,25,12
1816,53,26,51
1817,53,27,204
1818,53,28,55
1819,53,29,18
1820,53,30,63
1821,53,31,62
1822,53,32,92
1823,53,33,118
1824,53,34,43
1825,53,35,71
1826,53,36,36
1827,54,0,46
1828,54,1,156
1829,54,3,179
1830,54,4,33
1831,54,5,168
1832,54,6,56
1833,54,7,36
1834,54,8,57
1835,54,9,26
1836,54,10,61
1837,54,11,43
1838,54,12,156
1839,54,13,70
1840,54,14,335
1841,54,15,160
1842,54,16,13
1843,54,17,93
1844,54,18,27
1845,54,19,3
1846,54,20,72
1847,54,21,25
1848,54,22,44
1849,54,24,70
1850,54,25,25
1851,54,26,22
1852,54,27,102
1853,54,28,39
1854,54,29,22
1855,54,30,25
1856,54,31,96
1857,54,32,99
1858,54,33,83
1859,54,34,17
1860,54,35,107
1861,54,36,27
1862,55,0,17
1863,55,1,59
1864,55,2,8
1865,55,3,195
1866,55,4,36
1867,55,5,88
1868,55,6,66
1869,55,7,12
1870,55,8,22
1871,55,9,46
1872,55,10,35
1873,55,11,40
1874,55,12,82
1875,55,13,44
1876,55,14,395
1877,55,15,98
1878,55,16,13
1879,55,17,62
1880,55,18,18
1881,55,19,15
1882,55,20,87
1883,55,21,8
1884,55,22,29
1885,55,24,104
1886,55,25,14
1887,55,26,16
1888,55,27,77
1889,55,28,55
1890,55,29,10
1891,55,30,17
1892,55,31,76
1893,55,32,66
1894,55,33,57
1895,55,34,54
1896,55,35,55
1897,55,36,12
1898,56,0,82
1899,56,1,174
1900,56,3,604
1901,56,4,53
1902,56,5,219
1903,56,6,185
1904,56,7,62
1905,56,8,90
1906,56,9,94
1907,56,10,76
1908,56,11,136
1909,56,12,199
1910,56,13,146
1911,56,14,609
1912,56,15,112
1913,56,16,40
1914,56,17,145
1915,56,18,73
1916,56,19,19
1917,56,20,221
1918,56,21,18
1919,56,22,90
1920,56,24,289
1921,56,25,13
1922,56,26,74
1923,56,27,298
1924,56,28,117
1925,56,29,14
1926,56,30,58
1927,56,31,79
1928,56,32,147
1929,56,33,93
1930,56,34,94
1931,56,35,84
1932,56,36,39
1933,57,0,58
1934,57,1,44
1935,57,3,186
1936,57,4,21
1937,57,5,81
1938,57,6,66
1939,57,7,34
1940,57,8,44
1941,57,9,35
1942,57,10,39
1943,57,11,23
1944,57,12,116
1945,57,13,41
1946,57,14,240
1947,57,15,144
1948,57,16,19
1949,57,17,71
1950,57,18,44
1951,57,19,20
1952,57,20,97
1953,57,21,6
1954,57,22,33
1955,57,24,96
1956,57,25,14
1957,57,26,10
1958,57,27,116
1959,57,28,40
1960,57,29,18
1961,57,30,11
1962,57,31,111
1963,57,32,115
1964,57,33,104
1965,57,34,26
1966,57,35,75
1967,57,36,35
1968,58,0,180
1969,58,1,236
1970,58,3,347
1971,58,4,46
1972,58,5,192
1973,58,6,125
1974,58,7,59
1975,58,8,97
1976,58,9,86
1977,58,10,111
1978,58,11,99
1979,58,12,240
1980,58,13,127
1981,58,14,626
1982,58,15,202
1983,58,16,53
1984,58,17,188
1985,58,18,85
1986,58,19,16
1987,58,20,229
1988,58,21,20
1989,58,22,83
1990,58,24,256
1991,58,25,17
1992,58,26,43
1993,58,27,252
1994,58,28,57
1995,58,29,18
1996,58,30,45
1997,58,31,102
1998,58,32,244
1999,58,33,150
2000,58,34,69
2001,58,35,165
2002,58,36,43
2003,59,0,76
2004,59,1,174
2005,59,3,405
2006,59,4,46
2007,59,5,259
2008,59,6,97
2009,59,7,50
2010,59,8,53
2011,59,9,47
2012,59,10,65
2013,59,11,98
2014,59,12,115
2015,59,13,99
2016,59,14,505
2017,59,15,174
2018,59,16,37
2019,59,17,153
2020,59,18,53
2021,59,19,26
2022,59,20,97
2023,59,21,26
2024,59,22,77
2025,59,24,205
2026,59,25,41
2027,59,26,56
2028,59,27,234
2029,59,28,81
2030,59,29,29
2031,59,30,67
2032,59,31,85
2033,59,32,128
2034,59,33,107
2035,59,34,25
2036,59,35,76
2037,59,36,22
2038,60,0,126
2039,60,1,196
2040,60,3,320
2041,60,4,15
2042,60,5,261
2043,60,6,75
2044,60,7,27
2045,60,8,41
2046,60,9,57
2047,60,10,56
2048,60,11,79
2049,60,12,115
2050,60,13,61
2051,60,14,433
2052,60,15,69
2053,60,16,34
2054,60,17,138
2055,60,18,30
2056,60,19,16
2057,60,20,63
2058,60,21,11
2059,60,22,64
2060,60,24,152
2061,60,25,11
2062,60,26,29
2063,60,27,141
2064,60,28,69
2065,60,29,11
2066,60,30,72
2067,60,31,43
2068,60,32,66
2069,60,33,72
2070,60,34,44
2071,60,35,49
2072,60,36,34
2073,61,0,46
2074,61,1,54
2075,61,3,312
2076,61,4,20
2077,61,5,66
2078,61,6,108
2079,61,7,44
2080,61,8,49
2081,61,9,48
2082,61,10,93
2083,61,11,61
2084,61,12,86
2085,61,13,41
2086,61,14,454
2087,61,15,126
2088,61,16,21
2089,61,17,43
2090,61,18,30
2091,61,19,27
2092,61,20,113
2093,61,21,14
2094,61,22,15
2095,61,24,137
2096,61,25,13
2097,61,26,20
2098,61,27,164
2099,61,28,40
2100,61,29,8
2101,61,30,15
2102,61,31,101
2103,61,32,94
2104,61,33,148
2105,61,34,46
2106,61,35,67
2107,61,36,37
2108,62,0,180
2109,62,1,257
2110,62,3,302
2111,62,4,53
2112,62,5,262
2113,62,6,155
2114,62,7,61
2115,62,8,101
2116,62,9,109
2117,62,10,92
2118,62,11,135
2119,62,12,208
2120,62,13,206
2121,62,14,461
2122,62,15,146
2123,62,16,27
2124,62,17,177
2125,62,18,64
2126,62,19,26
2127,62,20,67
2128,62,21,17
2129,62,22,122
2130,62,24,154
2131,62,25,24
2132,62,26,86
2133,62,27,176
2134,62,28,51
2135,62,29,15
2136,62,30,70
2137,62,31,81
2138,62,32,131
2139,62,33,76
2140,62,34,69
2141,62,35,87
2142,62,36,36
2143,63,0,71
2144,63,1,139
2145,63,3,327
2146,63,4,32
2147,63,5,144
2148,63,6,90
2149,63,7,41
2150,63,8,74
2151,63,9,40
2152,63,10,58
2153,63,11,46
2154,63,12,157
2155,63,13,61
2156,63,14,619
2157,63,15,103
2158,63,16,40
2159,63,17,80
2160,63,18,42
2161,63,19,22
2162,63,20,142
2163,63,21,20
2164,63,22,54
2165,63,24,185
2166,63,25,12
2167,63,26,24
2168,63,27,169
2169,63,28,85
2170,63,29,18
2171,63,30,40
2172,63,31,98
2173,63,32,121
2174,63,33,112
2175,63,34,24
2176,63,35,60
2177,63,36,42
2178,65,0,35
2179,65,1,96
2180,65,3,255
2181,65,4,60
2182,65,5,140
2183,65,6,78
2184,65,7,36
2185,65,8,41
2186,65,9,41
2187,65,10,40
2188,65,11,29
2189,65,12,90
2190,65,13,65
2191,65,14,583
2192,65,15,163
2193,65,16,26
2194,65,17,71
2195,65,18,39
2196,65,19,20
2197,65,20,72
2198,65,21,20
2199,65,22,39
2200,65,24,131
2201,65,25,18
2202,65,26,23
2203,65,27,140
2204,65,28,72
2205,65,29,12
2206,65,30,29
2207,65,31,113
2208,65,32,91
2209,65,33,109
2210,65,34,29
2211,65,35,83
2212,65,36,24
2213,66,0,72
2214,66,1,65
2215,66,3,242
2216,66,5,99
2217,66,6,45
2218,66,7,36
2219,66,8,45
2220,66,9,45
2221,66,10,47
2222,66,11,60
2223,66,12,74
2224,66,13,41
2225,66,14,536
2226,66,16,23
2227,66,17,84
2228,66,18,34
2229,66,19,10
2230,66,20,90
2231,66,21,5
2232,66,22,38
2233,66,24,303
2234,66,26,30
2235,66,27,202
2236,66,28,71
2237,66,30,25
2238,66,31,70
2239,66,32,113
2240,66,33,145
2241,66,34,24
2242,66,35,145
2243,66,36,29
2244,67,0,54
2245,67,1,140
2246,67,3,313
2247,67,4,19
2248,67,5,147
2249,67,6,51
2250,67,7,40
2251,67,8,45
2252,67,9,38
2253,67,10,48
2254,67,11,85
2255,67,12,91
2256,67,13,86
2257,67,14,382
2258,67,15,49
2259,67,16,17
2260,67,17,53
2261,67,18,36
2262,67,19,14
2263,67,20,67
2264,67,21,11
2265,67,22,29
2266,67,24,159
2267,67,25,7
2268,67,26,20
2269,67,27,180
2270,67,28,59
2271,67,29,7
2272,67,30,23
2273,67,31,94
2274,67,32,141
2275,67,33,127
2276,67,34,43
2277,67,35,117
2278,67,36,39
2279,68,0,48
2280,68,1,73
2281,68,3,556
2282,68,4,33
2283,68,5,127
2284,68,6,151
2285,68,7,32
2286,68,8,59
2287,68,9,73
2288,68,10,71
2289,68,11,100
2290,68,12,134
2291,68,13,111
2292,68,14,601
2293,68,15,87
2294,68,16,22
2295,68,17,77
2296,68,18,49
2297,68,19,13
2298,68,20,214
2299,68,21,17
2300,68,22,42
2301,68,24,265
2302,68,25,5
2303,68,26,27
2304,68,27,262
2305,68,28,143
2306,68,29,21
2307,68,30,28
2308,68,31,69
2309,68,32,115
2310,68,33,104
2311,68,34,88
2312,68,35,60
2313,68,36,35
2314,69,0,37
2315,69,1,78
2316,69,3,443
2317,69,5,213
2318,69,6,97
2319,69,7,21
2320,69,8,52
2321,69,9,38
2322,69,10,77
2323,69,11,35
2324,69,12,104
2325,69,13,44
2326,69,14,540
2327,69,16,25
2328,69,17,117
2329,69,18,43
2330,69,19,8
2331,69,20,136
2332,69,21,18
2333,69,22,41
2334,69,24,178
2335,69,26,42
2336,69,27,171
2337,69,28,68
2338,69,30,46
2339,69,31,84
2340,69,32,128
2341,69,33,76
2342,69,34,28
2343,69,35,100
2344,69,36,24
2345,70,0,47
2346,70,1,56
2347,70,3,286
2348,70,4,17
2349,70,5,77
2350,70,6,87
2351,70,7,33
2352,70,8,34
2353,70,9,25
2354,70,10,46
2355,70,11,53
2356,70,12,91
2357,70,13,61
2358,70,14,486
2359,70,15,110
2360,70,16,22
2361,70,17,32
2362,70,18,31
2363,70,19,9
2364,70,20,58
2365,70,21,11
2366,70,22,21
2367,70,24,92
2368,70,25,8
2369,70,26,13
2370,70,27,165
2371,70,28,43
2372,70,29,10
2373,70,30,22
2374,70,31,71
2375,70,32,73
2376,70,33,96
2377,70,34,25
2378,70,35,36
2379,70,36,45
2380,71,0,58
2381,71,1,85
2382,71,3,214
2383,71,4,24
2384,71,5,79
2385,71,6,45
2386,71,7,11
2387,71,8,45
2388,71,9,39
2389,71,10,40
2390,71,11,44
2391,71,12,63
2392,71,13,41
2393,71,14,270
2394,71,15,85
2395,71,16,23
2396,71,17,50
2397,71,18,25
2398,71,19,12
2399,71,20,54
2400,71,21,18
2401,71,22,26
2402,71,24,94
2403,71,25,12
2404,71,26,7
2405,71,27,86
2406,71,28,43
2407,71,29,8
2408,71,30,20
2409,71,31,102
2410,71,32,98
2411,71,33,61
2412,71,34,37
2413,71,35,70
2414,71,36,29
2415,72,0,91
2416,72,1,190
2417,72,3,312
2418,72,4,39
2419,72,5,152
2420,72,6,124
2421,72,7,34
2422,72,8,87
2423,72,9,50
2424,72,10,76
2425,72,11,58
2426,72,12,204
2427,72,13,107
2428,72,14,494
2429,72,15,121
2430,72,16,27
2431,72,17,119
2432,72,18,68
2433,72,19,19
2434,72,20,160
2435,72,21,20
2436,72,22,67
2437,72,24,198
2438,72,25,8
2439,72,26,41
2440,72,27,154
2441,72,28,122
2442,72,29,9
2443,72,30,54
2444,72,31,79
2445,72,32,110
2446,72,33,112
2447,72,34,38
2448,72,35,87
2449,72,36,57
2450,73,0,57
2451,73,1,122
2452,73,3,296
2453,73,4,36
2454,73,5,116
2455,73,6,103
2456,73,7,55
2457,73,8,43
2458,73,9,30
2459,73,10,55
2460,73,11,36
2461,73,12,136
2462,73,13,61
2463,73,14,572
2464,73,15,125
2465,73,16,18
2466,73,17,67
2467,73,18,42
2468,73,19,30
2469,73,20,126
2470,73,21,16
2471,73,22,60
2472,73,24,141
2473,73,25,14
2474,73,26,19
2475,73,27,199
2476,73,28,71
2477,73,29,9
2478,73,30,35
2479,73,31,204
2480,73,32,188
2481,73,33,247
2482,73,34,55
2483,73,35,138
2484,73,36,33
2485,74,0,73
2486,74,1,54
2487,74,3,492
2488,74,4,49
2489,74,5,187
2490,74,6,190
2491,74,7,75
2492,74,8,75
2493,74,9,71
2494,74,10,65
2495,74,11,63
2496,74,12,118
2497,74,13,71
2498,74,14,707
2499,74,15,160
2500,74,16,18
2501,74,17,97
2502,74,18,51
2503,74,19,29
2504,74,20,186
2505,74,21,34
2506,74,22,66
2507,74,24,248
2508,74,25,23
2509,74,26,30
2510,74,27,274
2511,74,28,86
2512,74,29,26
2513,74,30,49
2514,74,31,152
2515,74,32,170
2516,74,33,268
2517,74,34,66
2518,74,35,108
2519,74,36,45
2520,75,0,130
2521,75,1,200
2522,75,3,236
2523,75,4,15
2524,75,5,137
2525,75,6,64
2526,75,7,91
2527,75,8,55
2528,75,9,61
2529,75,10,59
2530,75,11,79
2531,75,12,111
2532,75,13,101
2533,75,14,561
2534,75,15,106
2535,75,16,39
2536,75,17,127
2537,75,18,76
2538,75,19,20
2539,75,20,100
2540,75,21,26
2541,75,22,87
2542,75,24,167
2543,75,25,13
2544,75,26,41
2545,75,27,121
2546,75,28,72
2547,75,29,15
2548,75,30,48
2549,75,31,191
2550,75,32,395
2551,75,33,195
2552,75,34,38
2553,75,35,251
2554,75,36,37
2555,76,0,89
2556,76,1,148
2557,76,3,301
2558,76,4,15
2559,76,5,136
2560,76,6,62
2561,76,7,37
2562,76,8,53
2563,76,9,54
2564,76,10,59
2565,76,11,72
2566,76,12,106
2567,76,13,60
2568,76,14,536
2569,76,15,72
2570,76,16,29
2571,76,17,81
2572,76,18,42
2573,76,19,13
2574,76,20,62
2575,76,21,11
2576,76,22,41
2577,76,24,215
2578,76,25,13
2579,76,26,25
2580,76,27,233
2581,76,28,70
2582,76,29,9
2583,76,30,53
2584,76,31,41
2585,76,32,114
2586,76,33,94
2587,76,34,49
2588,76,35,77
2589,76,36,40
2590,77,0,103
2591,77,1,233
2592,77,3,532
2593,77,4,66
2594,77,5,192
2595,77,6,166
2596,77,7,47
2597,77,8,85
2598,77,9,84
2599,77,10,102
2600,77,11,57
2601,77,12,247
2602,77,13,119
2603,77,14,716
2604,77,15,200
2605,77,16,46
2606,77,17,110
2607,77,18,45
2608,77,19,34
2609,77,20,208
2610,77,21,26
2611,77,22,92
2612,77,23,8
2613,77,24,196
2614,77,25,18
2615,77,26,54
2616,77,27,332
2617,77,28,110
2618,77,29,26
2619,77,30,57
2620,77,31,121
2621,77,32,105
2622,77,33,181
2623,77,34,39
2624,77,35,80
2625,77,36,49
2626,78,0,85
2627,78,1,61
2628,78,3,380
2629,78,4,36
2630,78,5,131
2631,78,6,155
2632,78,7,56
2633,78,8,64
2634,78,9,32
2635,78,10,76
2636,78,11,38
2637,78,12,159
2638,78,13,67
2639,78,14,554
2640,78,15,99
2641,78,16,27
2642,78,17,114
2643,78,18,53
2644,78,19,21
2645,78,20,173
2646,78,21,15
2647,78,22,65
2648,78,24,307
2649,78,25,24
2650,78,26,43
2651,78,27,363
2652,78,28,97
2653,78,29,23
2654,78,30,24
2655,78,31,67
2656,78,32,111
2657,78,33,87
2658,78,34,93
2659,78,35,37
2660,78,36,26
2661,79,0,61
2662,79,1,146
2663,79,3,426
2664,79,4,43
2665,79,5,158
2666,79,6,121
2667,79,7,59
2668,79,8,45
2669,79,9,62
2670,79,10,70
2671,79,11,127
2672,79,12,142
2673,79,13,77
2674,79,14,770
2675,79,15,136
2676,79,16,44
2677,79,17,143
2678,79,18,54
2679,79,19,15
2680,79,20,216
2681,79,21,15
2682,79,22,74
2683,79,24,254
2684,79,25,15
2685,79,26,46
2686,79,27,230
2687,79,28,110
2688,79,29,24
2689,79,30,47
2690,79,31,158
2691,79,32,226
2692,79,33,228
2693,79,34,34
2694,79,35,156
2695,79,36,51
2696,80,0,40
2697,80,1,67
2698,80,3,222
2699,80,4,22
2700,80,5,88
2701,80,6,91
2702,80,7,5
2703,80,8,30
2704,80,9,31
2705,80,10,40
2706,80,11,30
2707,80,12,80
2708,80,13,50
2709,80,14,273
2710,80,15,84
2711,80,16,22
2712,80,17,42
2713,80,18,22
2714,80,19,18
2715,80,20,40
2716,80,21,16
2717,80,22,16
2718,80,24,163
2719,80,25,6
2720,80,26,24
2721,80,27,154
2722,80,28,54
2723,80,29,6
2724,80,30,29
2725,80,31,51
2726,80,32,61
2727,80,33,33
2728,80,34,27
2729,80,35,28
2730,80,36,19
2731,81,0,80
2732,81,1,251
2733,81,3,177
2734,81,4,14
2735,81,5,149
2736,81,6,66
2737,81,7,51
2738,81,8,61
2739,81,9,57
2740,81,10,66
2741,81,11,67
2742,81,12,121
2743,81,13,103
2744,81,14,353
2745,81,15,73
2746,81,16,21
2747,81,17,150
2748,81,18,82
2749,81,19,6
2750,81,20,86
2751,81,21,19
2752,81,22,57
2753,81,24,71
2754,81,25,3
2755,81,26,19
2756,81,27,117
2757,81,28,43
2758,81,29,6
2759,81,30,36
2760,81,31,53
2761,81,32,79
2762,81,33,61
2763,81,34,73
2764,81,35,75
2765,81,36,37
2766,82,0,74
2767,82,1,113
2768,82,3,509
2769,82,4,111
2770,82,5,166
2771,82,6,207
2772,82,7,61
2773,82,8,56
2774,82,9,112
2775,82,10,71
2776,82,11,118
2777,82,12,154
2778,82,13,137
2779,82,14,697
2780,82,15,417
2781,82,16,19
2782,82,17,139
2783,82,18,78
2784,82,19,42
2785,82,20,184
2786,82,21,41
2787,82,22,77
2788,82,24,247
2789,82,25,47
2790,82,26,40
2791,82,27,272
2792,82,28,89
2793,82,29,22
2794,82,30,35
2795,82,31,131
2796,82,32,165
2797,82,33,146
2798,82,34,81
2799,82,35,108
2800,82,36,31
2801,83,0,44
2802,83,1,98
2803,83,3,338
2804,83,4,38
2805,83,5,121
2806,83,6,109
2807,83,7,30
2808,83,8,54
2809,83,9,45
2810,83,10,57
2811,83,11,43
2812,83,12,123
2813,83,13,63
2814,83,14,435
2815,83,15,173
2816,83,16,17
2817,83,17,72
2818,83,18,36
2819,83,19,21
2820,83,20,109
2821,83,21,3
2822,83,22,39
2823,83,24,149
2824,83,25,18
2825,83,26,25
2826,83,27,205
2827,83,28,79
2828,83,29,15
2829,83,30,31
2830,83,31,87
2831,83,32,83
2832,83,33,80
2833,83,34,41
2834,83,35,64
2835,83,36,36
2836,84,0,98
2837,84,1,118
2838,84,3,444
2839,84,4,36
2840,84,5,166
2841,84,6,144
2842,84,7,139
2843,84,8,74
2844,84,9,84
2845,84,10,81
2846,84,11,90
2847,84,12,171
2848,84,13,81
2849,84,14,648
2850,84,15,107
2851,84,16,23
2852,84,17,110
2853,84,18,60
2854,84,19,33
2855,84,20,161
2856,84,21,22
2857,84,22,85
2858,84,24,296
2859,84,25,16
2860,84,26,32
2861,84,27,328
2862,84,28,136
2863,84,29,23
2864,84,30,40
2865,84,31,232
2866,84,32,317
2867,84,33,350
2868,84,34,33
2869,84,35,237
2870,84,36,66
2871,85,0,55
2872,85,1,113
2873,85,3,292
2874,85,4,27
2875,85,5,122
2876,85,6,136
2877,85,7,47
2878,85,8,49
2879,85,9,47
2880,85,10,51
2881,85,11,28
2882,85,12,86
2883,85,13,63
2884,85,14,567
2885,85,15,73
2886,85,16,20
2887,85,17,65
2888,85,18,42
2889,85,19,32
2890,85,20,134
2891,85,21,12
2892,85,22,32
2893,85,24,159
2894,85,25,13
2895,85,26,27
2896,85,27,179
2897,85,28,77
2898,85,29,6
2899,85,30,38
2900,85,31,64
2901,85,32,77
2902,85,33,141
2903,85,34,58
2904,85,35,80
2905,85,36,27
2906,86,0,97
2907,86,1,203
2908,86,3,418
2909,86,4,65
2910,86,5,178
2911,86,6,120
2912,86,7,94
2913,86,8,91
2914,86,9,81
2915,86,10,74
2916,86,11,98
2917,86,12,201
2918,86,13,84
2919,86,14,645
2920,86,15,305
2921,86,16,57
2922,86,17,123
2923,86,18,62
2924,86,19,37
2925,86,20,150
2926,86,21,24
2927,86,22,80
2928,86,24,206
2929,86,25,27
2930,86,26,29
2931,86,27,264
2932,86,28,105
2933,86,29,19
2934,86,30,67
2935,86,31,282
2936,86,32,282
2937,86,33,304
2938,86,34,35
2939,86,35,236
2940,86,36,34
2941,87,0,19
2942,87,1,47
2943,87,3,201
2944,87,4,9
2945,87,5,80
2946,87,6,53
2947,87,7,24
2948,87,8,21
2949,87,9,15
2950,87,10,29
2951,87,11,16
2952,87,12,37
2953,87,13,36
2954,87,14,296
2955,87,15,75
2956,87,16,15
2957,87,17,32
2958,87,18,25
2959,87,19,15
2960,87,20,74
2961,87,21,12
2962,87,22,24
2963,87,24,87
2964,87,25,4
2965,87,26,19
2966,87,27,109
2967,87,28,37
2968,87,29,12
2969,87,30,18
2970,87,31,44
2971,87,32,60
2972,87,33,72
2973,87,34,15
2974,87,35,64
2975,87,36,17
2976,88,0,267
2977,88,1,688
2978,88,3,137
2979,88,4,29
2980,88,5,269
2981,88,6,110
2982,88,7,39
2983,88,8,51
2984,88,9,173
2985,88,10,47
2986,88,11,153
2987,88,12,84
2988,88,13,214
2989,88,14,132
2990,88,15,102
2991,88,16,49
2992,88,17,172
2993,88,18,39
2994,88,19,36
2995,88,20,52
2996,88,21,24
2997,88,22,99
2998,88,24,72
2999,88,25,16
3000,88,26,46
3001,88,27,57
3002,88,28,33
3003,88,29,16
3004,88,30,65
3005,88,31,47
3006,88,32,159
3007,88,33,97
3008,88,34,45
3009,88,35,85
3010,88,36,23
3011,89,0,104
3012,89,1,198
3013,89,3,241
3014,89,4,55
3015,89,5,140
3016,89,6,114
3017,89,7,44
3018,89,8,49
3019,89,9,70
3020,89,10,48
3021,89,11,69
3022,89,12,162
3023,89,13,99
3024,89,14,362
3025,89,15,139
3026,89,16,43
3027,89,17,135
3028,89,18,54
3029,89,19,16
3030,89,20,114
3031,89,21,42
3032,89,22,56
3033,89,23,3
3034,89,24,111
3035,89,25,8
3036,89,26,33
3037,89,27,195
3038,89,28,54
3039,89,29,13
3040,89,30,60
3041,89,31,59
3042,89,32,72
3043,89,33,94
3044,89,34,29
3045,89,35,59
3046,89,36,52
3047,90,0,27
3048,90,1,33
3049,90,3,216
3050,90,4,17
3051,90,5,50
3052,90,6,70
3053,90,7,25
3054,90,8,41
3055,90,9,36
3056,90,10,39
3057,90,11,31
3058,90,12,66
3059,90,13,50
3060,90,14,387
3061,90,15,84
3062,90,16,21
3063,90,17,46
3064,90,18,14
3065,90,19,18
3066,90,20,42
3067,90,21,17
3068,90,22,19
3069,90,24,86
3070,90,25,12
3071,90,26,24
3072,90,27,96
3073,90,28,36
3074,90,29,6
3075,90,30,26
3076,90,31,85
3077,90,32,64
3078,90,33,81
3079,90,34,39
3080,90,35,47
3081,90,36,23
3082,91,0,121
3083,91,1,172
3084,91,3,399
3085,91,4,32
3086,91,5,171
3087,91,6,99
3088,91,7,59
3089,91,8,95
3090,91,9,58
3091,91,10,81
3092,91,11,59
3093,91,12,209
3094,91,13,128
3095,91,14,617
3096,91,15,112
3097,91,16,23
3098,91,17,142
3099,91,18,65
3100,91,19,25
3101,91,20,100
3102,91,21,37
3103,91,22,61
3104,91,24,297
3105,91,25,16
3106,91,26,44
3107,91,27,142
3108,91,28,73
3109,91,29,13
3110,91,30,43
3111,91,31,92
3112,91,32,165
3113,91,33,134
3114,91,34,66
3115,91,35,158
3116,91,36,35
3117,92,0,73
3118,92,1,133
3119,92,3,293
3120,92,4,46
3121,92,5,163
3122,92,6,88
3123,92,7,38
3124,92,8,57
3125,92,9,50
3126,92,10,48
3127,92,11,62
3128,92,12,135
3129,92,13,80
3130,92,14,487
3131,92,15,112
3132,92,16,31
3133,92,17,95
3134,92,18,43
3135,92,19,23
3136,92,20,121
3137,92,21,25
3138,92,22,59
3139,92,24,144
3140,92,25,26
3141,92,26,33
3142,92,27,186
3143,92,28,123
3144,92,29,19
3145,92,30,41
3146,92,31,76
3147,92,32,86
3148,92,33,93
3149,92,34,37
3150,92,35,70
3151,92,36,36
3152,93,0,85
3153,93,1,156
3154,93,3,108
3155,93,4,21
3156,93,5,118
3157,93,6,48
3158,93,7,36
3159,93,8,34
3160,93,9,57
3161,93,10,35
3162,93,11,67
3163,93,12,98
3164,93,13,79
3165,93,14,238
3166,93,15,109
3167,93,16,19
3168,93,17,59
3169,93,18,53
3170,93,19,10
3171,93,20,73
3172,93,21,31
3173,93,22,34
3174,93,24,52
3175,93,25,9
3176,93,26,12
3177,93,27,94
3178,93,28,34
3179,93,29,17
3180,93,30,31
3181,93,31,69
3182,93,32,81
3183,93,33,75
3184,93,34,27
3185,93,35,54
3186,93,36,19
3187,94,0,40
3188,94,1,92
3189,94,3,372
3190,94,4,29
3191,94,5,147
3192,94,6,111
3193,94,7,87
3194,94,8,57
3195,94,9,53
3196,94,10,84
3197,94,11,57
3198,94,12,102
3199,94,13,64
3200,94,14,596
3201,94,15,163
3202,94,16,19
3203,94,17,87
3204,94,18,51
3205,94,19,39
3206,94,20,137
3207,94,21,24
3208,94,22,65
3209,94,24,233
3210,94,25,18
3211,94,26,19
3212,94,27,210
3213,94,28,88
3214,94,29,20
3215,94,30,47
3216,94,31,340
3217,94,32,281
3218,94,33,198
3219,94,34,65
3220,94,35,238
3221,94,36,46
3222,95,0,49
3223,95,1,80
3224,95,3,263
3225,95,4,11
3226,95,5,73
3227,95,6,55
3228,95,7,14
3229,95,8,43
3230,95,9,45
3231,95,10,44
3232,95,11,47
3233,95,12,90
3234,95,13,75
3235,95,14,355
3236,95,15,72
3237,95,16,25
3238,95,17,55
3239,95,18,30
3240,95,19,6
3241,95,20,47
3242,95,21,10
3243,95,22,25
3244,95,24,179
3245,95,25,9
3246,95,26,15
3247,95,27,141
3248,95,28,59
3249,95,29,13
3250,95,30,40
3251,95,31,63
3252,95,32,60
3253,95,33,87
3254,95,34,29
3255,95,35,65
3256,95,36,12
3257,96,0,69
3258,96,1,113
3259,96,3,549
3260,96,4,31
3261,96,5,221
3262,96,6,96
3263,96,7,37
3264,96,8,58
3265,96,9,38
3266,96,10,70
3267,96,11,70
3268,96,12,104
3269,96,13,77
3270,96,14,751
3271,96,15,97
3272,96,16,32
3273,96,17,84
3274,96,18,66
3275,96,19,25
3276,96,20,107
3277,96,21,13
3278,96,22,65
3279,96,24,327
3280,96,25,15
3281,96,26,33
3282,96,27,354
3283,96,28,81
3284,96,29,9
3285,96,30,40
3286,96,31,74
3287,96,32,132
3288,96,33,95
3289,96,34,44
3290,96,35,55
3291,96,36,39
3292,97,0,74
3293,97,1,101
3294,97,3,161
3295,97,5,86
3296,97,6,57
3297,97,7,97
3298,97,8,49
3299,97,9,44
3300,97,10,50
3301,97,11,48
3302,97,12,164
3303,97,13,46
3304,97,14,380
3305,97,16,21
3306,97,17,124
3307,97,18,59
3308,97,19,9
3309,97,20,117
3310,97,21,20
3311,97,22,49
3312,97,24,124
3313,97,26,27
3314,97,27,111
3315,97,28,50
3316,97,30,29
3317,97,31,120
3318,97,32,188
3319,97,33,129
3320,97,34,32
3321,97,35,208
3322,97,36,28
3323,98,0,66
3324,98,1,110
3325,98,3,527
3326,98,4,18
3327,98,5,127
3328,98,6,120
3329,98,7,52
3330,98,8,50
3331,98,9,69
3332,98,10,71
3333,98,11,93
3334,98,12,125
3335,98,13,114
3336,98,14,589
3337,98,15,126
3338,98,16,33
3339,98,17,89
3340,98,18,29
3341,98,19,17
3342,98,20,76
3343,98,21,19
3344,98,22,28
3345,98,24,311
3346,98,25,8
3347,98,26,19
3348,98,27,340
3349,98,28,74
3350,98,29,14
3351,98,30,32
3352,98,31,107
3353,98,32,115
3354,98,33,86
3355,98,34,70
3356,98,35,50
3357,98,36,32
3358,99,0,63
3359,99,1,164
3360,99,3,358
3361,99,4,26
3362,99,5,138
3363,99,6,131
3364,99,7,18
3365,99,8,52
3366,99,9,60
3367,99,10,60
3368,99,11,79
3369,99,12,108
3370,99,13,116
3371,99,14,583
3372,99,15,85
3373,99,16,21
3374,99,17,48
3375,99,18,35
3376,99,19,10
3377,99,20,99
3378,99,21,21
3379,99,22,40
3380,99,24,311
3381,99,25,15
3382,99,26,29
3383,99,27,249
3384,99,28,73
3385,99,29,13
3386,99,30,32
3387,99,31,74
3388,99,32,107
3389,99,33,80
3390,99,34,94
3391,99,35,71
3392,99,36,31
3393,100,0,93
3394,100,1,93
3395,100,3,482
3396,100,4,25
3397,100,5,172
3398,100,6,110
3399,100,7,51
3400,100,8,59
3401,100,9,63
3402,100,10,81
3403,100,11,79
3404,100,12,164
3405,100,13,63
3406,100,14,662
3407,100,15,103
3408,100,16,16
3409,100,17,99
3410,100,18,40
3411,100,19,17
3412,100,20,194
3413,100,21,13
3414,100,22,58
3415,100,24,325
3416,100,25,8
3417,100,26,35
3418,100,27,292
3419,100,28,101
3420,100,29,19
3421,100,30,36
3422,100,31,93
3423,100,32,133
3424,100,33,139
3425,100,34,65
3426,100,35,69
3427,100,36,34
3428,101,0,90
3429,101,1,220
3430,101,3,384
3431,101,4,50
3432,101,5,141
3433,101,6,218
3434,101,7,63
3435,101,8,76
3436,101,9,66
3437,101,10,95
3438,101,11,74
3439,101,12,183
3440,101,13,104
3441,101,14,643
3442,101,15,217
3443,101,16,50
3444,101,17,104
3445,101,18,34
3446,101,19,47
3447,101,20,153
3448,101,21,18
3449,101,22,72
3450,101,23,5
3451,101,24,169
3452,101,25,34
3453,101,26,38
3454,101,27,248
3455,101,28,57
3456,101,29,21
3457,101,30,44
3458,101,31,184
3459,101,32,97
3460,101,33,185
3461,101,34,66
3462,101,35,86
3463,101,36,37
3464,102,0,113
3465,102,1,146
3466,102,3,258
3467,102,4,32
3468,102,5,118
3469,102,6,85
3470,102,7,53
3471,102,8,49
3472,102,9,60
3473,102,10,47
3474,102,11,69
3475,102,12,100
3476,102,13,86
3477,102,14,422
3478,102,15,103
3479,102,16,10
3480,102,17,122
3481,102,18,64
3482,102,19,21
3483,102,20,107
3484,102,21,9
3485,102,22,82
3486,102,24,133
3487,102,25,10
3488,102,26,30
3489,102,27,169
3490,102,28,61
3491,102,29,15
3492,102,30,51
3493,102,31,74
3494,102,32,116
3495,102,33,75
3496,102,34,55
3497,102,35,71
3498,102,36,29
3499,103,0,27
3500,103,1,39
3501,103,3,364
3502,103,4,20
3503,103,5,68
3504,103,6,84
3505,103,7,20
3506,103,8,27
3507,103,9,50
3508,103,10,65
3509,103,11,51
3510,103,12,77
3511,103,13,39
3512,103,14,363
3513,103,15,75
3514,103,16,21
3515,103,17,88
3516,103,18,26
3517,103,19,14
3518,103,20,78
3519,103,21,10
3520,103,22,40
3521,103,24,108
3522,103,25,2
3523,103,26,12
3524,103,27,166
3525,103,28,22
3526,103,29,7
3527,103,30,18
3528,103,31,56
3529,103,32,65
3530,103,33,65
3531,103,34,38
3532,103,35,72
3533,103,36,23
3534,104,0,60
3535,104,1,67
3536,104,3,198
3537,104,4,15
3538,104,5,69
3539,104,6,74
3540,104,7,46
3541,104,8,33
3542,104,9,13
3543,104,10,40
3544,104,11,53
3545,104,12,103
3546,104,13,62
3547,104,14,357
3548,104,15,76
3549,104,16,20
3550,104,17,48
3551,104,18,42
3552,104,19,18
3553,104,20,65
3554,104,21,15
3555,104,22,32
3556,104,24,111
3557,104,25,13
3558,104,26,12
3559,104,27,131
3560,104,28,22
3561,104,29,4
3562,104,30,16
3563,104,31,111
3564,104,32,100
3565,104,33,126
3566,104,34,38
3567,104,35,106
3568,104,36,19
3569,105,0,43
3570,105,1,56
3571,105,3,282
3572,105,5,86
3573,105,6,100
3574,105,7,25
3575,105,8,44
3576,105,9,77
3577,105,10,45
3578,105,11,72
3579,105,12,102
3580,105,13,78
3581,105,14,451
3582,105,16,14
3583,105,17,42
3584,105,18,19
3585,105,19,21
3586,105,20,102
3587,105,21,7
3588,105,22,37
3589,105,24,448
3590,105,26,10
3591,105,27,267
3592,105,28,83
3593,105,30,27
3594,105,31,30
3595,105,32,29
3596,105,33,35
3597,105,34,68
3598,105,35,23
3599,105,36,46
3600,106,0,28
3601,106,1,46
3602,106,3,314
3603,106,4,59
3604,106,5,136
3605,106,6,90
3606,106,7,47
3607,106,8,39
3608,106,9,33
3609,106,10,43
3610,106,11,29
3611,106,12,94
3612,106,13,37
3613,106,14,433
3614,106,15,217
3615,106,16,19
3616,106,17,87
3617,106,18,59
3618,106,19,34
3619,106,20,117
3620,106,21,25
3621,106,22,20
3622,106,24,130
3623,106,25,32
3624,106,26,32
3625,106,27,205
3626,106,28,89
3627,106,29,36
3628,106,30,22
3629,106,31,86
3630,106,32,75
3631,106,33,68
3632,106,34,30
3633,106,35,65
3634,106,36,50
3635,107,0,77
3636,107,1,62
3637,107,3,101
3638,107,4,13
3639,107,5,49
3640,107,6,60
3641,107,7,25
3642,107,8,36
3643,107,9,44
3644,107,10,51
3645,107,11,37
3646,107,12,57
3647,107,13,70
3648,107,14,142
3649,107,15,47
3650,107,16,18
3651,107,17,58
3652,107,18,49
3653,107,19,12
3654,107,20,14
3655,107,21,16
3656,107,22,33
3657,107,24,48
3658,107,25,6
3659,107,26,23
3660,107,27,48
3661,107,28,13
3662,107,29,10
3663,107,30,28
3664,107,31,19
3665,107,32,77
3666,107,33,34
3667,107,34,28
3668,107,35,42
3669,107,36,15
3670,108,0,57
3671,108,1,134
3672,108,3,486
3673,108,4,31
3674,108,5,184
3675,108,6,103
3676,108,7,39
3677,108,8,40
3678,108,9,27
3679,108,10,42
3680,108,11,41
3681,108,12,110
3682,108,13,33
3683,108,14,628
3684,108,15,125
3685,108,16,29
3686,108,17,97
3687,108,18,47
3688,108,19,10
3689,108,20,95
3690,108,21,15
3691,108,22,43
3692,108,24,213
3693,108,25,13
3694,108,26,23
3695,108,27,262
3696,108,28,65
3697,108,29,10
3698,108,30,42
3699,108,31,88
3700,108,32,118
3701,108,33,81
3702,108,34,53
3703,108,35,88
3704,108,36,29
3705,111,0,108
3706,111,1,205
3707,111,3,300
3708,111,4,52
3709,111,5,223
3710,111,6,111
3711,111,7,173
3712,111,8,78
3713,111,9,58
3714,111,10,84
3715,111,11,58
3716,111,12,291
3717,111,13,97
3718,111,14,569
3719,111,15,150
3720,111,16,31
3721,111,17,161
3722,111,18,90
3723,111,19,24
3724,111,20,201
3725,111,21,24
3726,111,22,114
3727,111,24,178
3728,111,25,16
3729,111,26,50
3730,111,27,230
3731,111,28,82
3732,111,29,14
3733,111,30,55
3734,111,31,260
3735,111,32,341
3736,111,33,399
3737,111,34,51
3738,111,35,311
3739,111,36,50
3740,112,0,27
3741,112,1,82
3742,112,3,181
3743,112,4,24
3744,112,5,98
3745,112,6,70
3746,112,7,29
3747,112,8,28
3748,112,9,26
3749,112,10,51
3750,112,11,28
3751,112,12,117
3752,112,13,48
3753,112,14,324
3754,112,15,134
3755,112,16,17
3756,112,17,63
3757,112,18,51
3758,112,19,14
3759,112,20,87
3760,112,21,10
3761,112,22,25
3762,112,24,81
3763,112,25,5
3764,112,26,16
3765,112,27,55
3766,112,28,49
3767,112,29,6
3768,112,30,23
3769,112,31,75
3770,112,32,84
3771,112,33,64
3772,112,34,33
3773,112,35,51
3774,112,36,19
3775,113,0,43
3776,113,1,150
3777,113,3,385
3778,113,4,35
3779,113,5,170
3780,113,6,121
3781,113,7,51
3782,113,8,79
3783,113,9,33
3784,113,10,75
3785,113,11,71
3786,113,12,177
3787,113,13,75
3788,113,14,698
3789,113,15,117
3790,113,16,36
3791,113,17,144
3792,113,18,86
3793,113,19,32
3794,113,20,157
3795,113,21,22
3796,113,22,53
3797,113,24,224
3798,113,25,17
3799,113,26,37
3800,113,27,242
3801,113,28,95
3802,113,29,18
3803,113,30,56
3804,113,31,60
3805,113,32,108
3806,113,33,86
3807,113,34,85
3808,113,35,82
3809,113,36,41
3810,114,0,128
3811,114,1,206
3812,114,3,271
3813,114,4,30
3814,114,5,200
3815,114,6,103
3816,114,7,47
3817,114,8,86
3818,114,9,75
3819,114,10,83
3820,114,11,77
3821,114,12,178
3822,114,13,112
3823,114,14,456
3824,114,15,119
3825,114,16,34
3826,114,17,136
3827,114,18,62
3828,114,19,19
3829,114,20,103
3830,114,21,11
3831,114,22,47
3832,114,24,197
3833,114,25,23
3834,114,26,33
3835,114,27,186
3836,114,28,82
3837,114,29,22
3838,114,30,48
3839,114,31,90
3840,114,32,121
3841,114,33,125
3842,114,34,34
3843,114,35,108
3844,114,36,34
3845,115,0,55
3846,115,1,78
3847,115,3,177
3848,115,4,18
3849,115,5,112
3850,115,6,40
3851,115,7,27
3852,115,8,41
3853,115,9,37
3854,115,10,29
3855,115,11,29
3856,115,12,65
3857,115,13,25
3858,115,14,304
3859,115,15,61
3860,115,16,7
3861,115,17,77
3862,115,18,21
3863,115,19,7
3864,115,20,93
3865,115,21,11
3866,115,22,41
3867,115,24,102
3868,115,25,4
3869,115,26,24
3870,115,27,123
3871,115,28,42
3872,115,29,10
3873,115,30,32
3874,115,31,36
3875,115,32,76
3876,115,33,81
3877,115,34,21
3878,115,35,39
3879,115,36,35
3880,116,0,181
3881,116,1,185
3882,116,3,264
3883,116,4,14
3884,116,5,98
3885,116,6,79
3886,116,7,102
3887,116,8,47
3888,116,9,45
3889,116,10,61
3890,116,11,57
3891,116,12,120
3892,116,13,89
3893,116,14,408
3894,116,15,107
3895,116,16,14
3896,116,17,80
3897,116,18,45
3898,116,19,9
3899,116,20,102
3900,116,21,17
3901,116,22,54
3902,116,24,143
3903,116,25,7
3904,116,26,24
3905,116,27,196
3906,116,28,24
3907,116,29,6
3908,116,30,29
3909,116,31,261
3910,116,32,216
3911,116,33,246
3912,116,34,22
3913,116,35,234
3914,116,36,36
3915,117,0,55
3916,117,1,63
3917,117,3,270
3918,117,4,31
3919,117,5,78
3920,117,6,166
3921,117,7,74
3922,117,8,72
3923,117,9,57
3924,117,10,66
3925,117,11,71
3926,117,12,115
3927,117,13,64
3928,117,14,440
3929,117,15,135
3930,117,16,23
3931,117,17,52
3932,117,18,39
3933,117,19,40
3934,117,20,111
3935,117,21,18
3936,117,22,33
3937,117,24,204
3938,117,25,5
3939,117,26,21
3940,117,27,177
3941,117,28,49
3942,117,29,24
3943,117,30,27
3944,117,31,243
3945,117,32,233
3946,117,33,245
3947,117,34,44
3948,117,35,176
3949,117,36,23
3950,118,0,68
3951,118,1,115
3952,118,3,610
3953,118,4,26
3954,118,5,157
3955,118,6,100
3956,118,7,34
3957,118,8,61
3958,118,9,81
3959,118,10,48
3960,118,11,119
3961,118,12,134
3962,118,13,104
3963,118,14,887
3964,118,15,85
3965,118,16,15
3966,118,17,104
3967,118,18,61
3968,118,19,18
3969,118,20,118
3970,118,21,18
3971,118,22,52
3972,118,24,281
3973,118,25,17
3974,118,26,31
3975,118,27,232
3976,118,28,89
3977,118,29,13
3978,118,30,45
3979,118,31,86
3980,118,32,132
3981,118,33,125
3982,118,34,37
3983,118,35,88
3984,118,36,36
3985,119,0,51
3986,119,1,126
3987,119,3,286
3988,119,4,37
3989,119,5,209
3990,119,6,86
3991,119,7,20
3992,119,8,38
3993,119,9,52
3994,119,10,38
3995,119,11,39
3996,119,12,88
3997,119,13,54
3998,119,14,335
3999,119,15,71
4000,119,16,22
4001,119,17,115
4002,119,18,63
4003,119,19,8
4004,119,20,83
4005,119,21,16
4006,119,22,72
4007,119,24,129
4008,119,25,8
4009,119,26,41
4010,119,27,169
4011,119,28,59
4012,119,29,19
4013,119,30,48
4014,119,31,49
4015,119,32,131
4016,119,33,54
4017,119,34,47
4018,119,35,59
4019,119,36,20
4020,120,0,32
4021,120,1,95
4022,120,3,251
4023,120,4,22
4024,120,5,86
4025,120,6,35
4026,120,7,15
4027,120,8,36
4028,120,9,27
4029,120,10,35
4030,120,11,36
4031,120,12,53
4032,120,13,46
4033,120,14,248
4034,120,15,54
4035,120,16,7
4036,120,17,56
4037,120,18,26
4038,120,19,6
4039,120,20,35
4040,120,21,9
4041,120,22,15
4042,120,24,136
4043,120,25,8
4044,120,26,29
4045,120,27,104
4046,120,28,58
4047,120,29,15
4048,120,30,34
4049,120,31,63
4050,120,32,83
4051,120,33,60
4052,120,34,21
4053,120,35,69
4054,120,36,13
4055,121,0,122
4056,121,1,181
4057,121,3,542
4058,121,4,29
4059,121,5,110
4060,121,6,138
4061,121,7,34
4062,121,8,56
4063,121,9,40
4064,121,10,59
4065,121,11,64
4066,121,12,163
4067,121,13,59
4068,121,14,510
4069,121,15,108
4070,121,16,33
4071,121,17,84
4072,121,18,34
4073,121,19,22
4074,121,20,136
4075,121,21,8
4076,121,22,37
4077,121,24,257
4078,121,25,6
4079,121,26,20
4080,121,27,261
4081,121,28,88
4082,121,29,8
4083,121,30,29
4084,121,31,129
4085,121,32,108
4086,121,33,170
4087,121,34,40
4088,121,35,126
4089,121,36,31
4090,122,0,70
4091,122,1,182
4092,122,3,240
4093,122,4,29
4094,122,5,123
4095,122,6,77
4096,122,7,42
4097,122,8,43
4098,122,9,54
4099,122,10,49
4100,122,11,75
4101,122,12,112
4102,122,13,99
4103,122,14,466
4104,122,15,116
4105,122,16,36
4106,122,17,126
4107,122,18,47
4108,122,19,8
4109,122,20,108
4110,122,21,17
4111,122,22,59
4112,122,24,124
4113,122,25,9
4114,122,26,40
4115,122,27,163
4116,122,28,64
4117,122,29,7
4118,122,30,29
4119,122,31,87
4120,122,32,110
4121,122,33,73
4122,122,34,30
4123,122,35,68
4124,122,36,22
4125,123,0,41
4126,123,1,51
4127,123,3,173
4128,123,4,18
4129,123,5,76
4130,123,6,59
4131,123,7,16
4132,123,8,38
4133,123,9,14
4134,123,10,24
4135,123,11,29
4136,123,12,82
4137,123,13,35
4138,123,14,290
4139,123,15,55
4140,123,16,14
4141,123,17,55
4142,123,18,29
4143,123,19,7
4144,123,20,45
4145,123,21,7
4146,123,22,24
4147,123,24,83
4148,123,25,6
4149,123,26,11
4150,123,27,87
4151,123,28,37
4152,123,29,8
4153,123,30,19
4154,123,31,63
4155,123,32,60
4156,123,33,52
4157,123,34,42
4158,123,35,42
4159,123,36,22
4160,124,0,87
4161,124,1,172
4162,124,3,254
4163,124,4,34
4164,124,5,132
4165,124,6,72
4166,124,7,74
4167,124,8,92
4168,124,9,54
4169,124,10,55
4170,124,11,62
4171,124,12,212
4172,124,13,67
4173,124,14,437
4174,124,15,203
4175,124,16,26
4176,124,17,115
4177,124,18,65
4178,124,19,24
4179,124,20,212
4180,124,21,21
4181,124,22,56
4182,124,24,128
4183,124,25,12
4184,124,26,43
4185,124,27,155
4186,124,28,69
4187,124,29,12
4188,124,30,31
4189,124,31,128
4190,124,32,179
4191,124,33,169
4192,124,34,103
4193,124,35,139
4194,124,36,49
4195,125,0,41
4196,125,1,92
4197,125,3,41
4198,125,4,11
4199,125,5,83
4200,125,6,14
4201,125,7,31
4202,125,8,19
4203,125,9,23
4204,125,10,19
4205,125,11,17
4206,125,12,62
4207,125,13,42
4208,125,14,88
4209,125,15,63
4210,125,16,16
4211,125,17,77
4212,125,18,52
4213,125,19,7
4214,125,20,28
4215,125,21,24
4216,125,22,47
4217,125,23,2
4218,125,24,28
4219,125,25,3
4220,125,26,21
4221,125,27,31
4222,125,28,9
4223,125,29,14
4224,125,30,25
4225,125,31,91
4226,125,32,124
4227,125,33,95
4228,125,34,3
4229,125,35,93
4230,125,36,13
4231,126,0,74
4232,126,1,50
4233,126,3,189
4234,126,5,142
4235,126,6,72
4236,126,7,97
4237,126,8,50
4238,126,9,51
4239,126,10,51
4240,126,11,76
4241,126,12,124
4242,126,13,34
4243,126,14,302
4244,126,16,35
4245,126,17,102
4246,126,18,66
4247,126,19,30
4248,126,20,64
4249,126,21,8
4250,126,22,38
4251,126,24,99
4252,126,26,27
4253,126,27,160
4254,126,28,36
4255,126,30,28
4256,126,31,168
4257,126,32,224
4258,126,33,118
4259,126,34,56
4260,126,35,157
4261,126,36,31
4262,127,0,125
4263,127,1,259
4264,127,3,263
4265,127,4,15
4266,127,5,108
4267,127,6,135
4268,127,7,31
4269,127,8,59
4270,127,9,66
4271,127,10,71
4272,127,11,81
4273,127,12,146
4274,127,13,115
4275,127,14,507
4276,127,15,77
4277,127,16,43
4278,127,17,115
4279,127,18,41
4280,127,19,8
4281,127,20,126
4282,127,21,19
4283,127,22,54
4284,127,23,4
4285,127,24,145
4286,127,25,14
4287,127,26,38
4288,127,27,278
4289,127,28,62
4290,127,29,4
4291,127,30,27
4292,127,31,80
4293,127,32,93
4294,127,33,88
4295,127,34,42
4296,127,35,89
4297,127,36,30
